Company,Average Volume,Market Cap,Revenue,PE Ratio,Beta
3M,2.70M,97.23B,31.35B,18.68,0.98
Abbott Labs,5.68M,191.41B,31.44B,61.63,0.92
AbbVie,7.24M,163.79B,36.23B,20.29,0.68
ABIOMED,377.68K,13.84B,798.06M,88.34,1.14
Accenture,1.91M,161.91B,44.55B,31.27,1.04
Activision Blizzard,6.76M,64.32B,6.99B,35.57,0.71
Adobe,2.77M,253.24B,12.05B,69.56,0.96
ADP,2.01M,59.56B,14.59B,24.37,0.78
Advance Auto Parts,873.15K,10.90B,9.62B,24.08,1.39
Affiliated Managers,388.57K,4.12B,2.08B,27.35,1.47
Aflac,3.33M,35.86B,22.08B,12.03,0.78
Agilent Technologies,1.46M,31.59B,5.22B,45.7,1.06
AIG,6.51M,25.54B,48.63B,,1.39
Air Products,1.09M,66.99B,8.82B,35.09,0.88
Akamai,1.71M,19.37B,3.04B,36.08,0.29
Alaska Air,3.23M,4.89B,6.67B,93.5,1.58
Albemarle,1.11M,10.47B,3.38B,23.64,1.42
Alexandria RE,901.32K,21.08B,1.68B,50.94,0.78
Alexion,1.78M,24.70B,5.54B,30.19,1.38
Align,817.96K,24.06B,2.16B,14.2,1.92
Allegion PLC,672.76K,9.58B,2.73B,33.36,1.13
Alliance Data Systems,1.46M,2.17B,5.26B,7.53,2.55
Alliant Energy,1.30M,13.35B,3.55B,20.28,0.35
Allstate,1.98M,29.33B,43.83B,6.97,0.74
Alphabet A,1.73M,"1,127.60B",166.03B,37.43,1.08
Alphabet C,1.72M,"1,127.60B",166.03B,37.43,1.08
Altria,7.56M,80.25B,25.59B,,0.51
Amazon.com,4.60M,"1,752.67B",321.78B,134.5,1.33
Amcor PLC,9.78M,12.69B,12.47B,33.2,
AMD,61.18M,108.22B,7.65B,183.19,2.26
Ameren,1.43M,19.60B,5.81B,22.95,0.29
American Airlines,96.16M,6.66B,33.36B,,1.78
American Electric Power,3.12M,39.24B,15.17B,20.27,0.33
American Express,4.65M,83.66B,41.68B,21.22,1.14
American Tower,1.66M,111.44B,7.78B,57.53,0.36
American Water Works,777.93K,25.81B,3.69B,39.77,0.23
Ameriprise Financial,859.90K,19.15B,12.21B,8.22,1.78
AmerisourceBergen,1.03M,19.78B,186.29B,12.46,0.54
Ametek,1.16M,23.59B,4.80B,26.44,1.3
Amgen,2.64M,146.93B,24.30B,20.5,0.83
Amphenol,1.40M,33.35B,8.10B,30.89,1.27
Analog Devices,3.11M,43.84B,5.52B,39.75,1.3
ANSYS,423.80K,29.50B,1.52B,74.95,1.22
Anthem,1.22M,70.34B,113.04B,11.86,0.92
AO Smith,1.07M,8.13B,3.19B,18.54,1.38
Aon,1.44M,48.19B,10.98B,26.99,0.8
Apache,11.02M,5.64B,5.16B,,4.66
Apartment Invest,1.07M,7.66B,995.62M,,0.67
Apple,159.94M,734.02B,265.60B,19.95,1.09
Applied Materials,6.97M,56.52B,16.27B,17.98,1.29
Aptiv,2.29M,24.01B,12.34B,13.25,2.31
Archer-Daniels-Midland,2.50M,25.44B,64.31B,14.04,0.95
Arconic,1.44M,2.44B,8.07B,,
Arista Networks,688.47K,17.08B,2.27B,23.86,0.99
Arthur J Gallagher,953.78K,13.21B,6.88B,19.87,0.9
Assurant,411.54K,7.42B,10.14B,25.27,0.65
AT&T,34.41M,211.83B,175.14B,17.99,0.65
Atmos Energy,851.70K,12.11B,3.67B,20.09,0.3
Autodesk,1.37M,55.57B,3.54B,151.34,1.5
AutoZone,192.68K,29.41B,12.07B,17.99,0.92
AvalonBay,1.03M,22.31B,2.36B,28.3,0.83
Avery Dennison,564.76K,9.96B,6.79B,19.07,1.14
Baker Hughes A,6.40M,14.59B,22.39B,,1.68
Ball,1.87M,17.41B,11.58B,33.32,0.81
Bank of America,66.44M,224.92B,50.75B,12.35,1.55
Bank of NY Mellon,5.30M,33.30B,9.04B,8.02,1.01
Baxter,3.10M,43.37B,11.41B,61.07,0.74
Becton Dickinson,1.65M,70.67B,16.92B,84.81,0.84
Berkshire Hathaway B,6.12M,530.32B,248.45B,23.92,0.81
Best Buy,2.67M,29.17B,43.43B,18.38,1.67
Biogen,1.51M,44.29B,14.49B,8.19,0.55
BlackRock,664.22K,91.72B,15.03B,20.99,1.24
Boeing,44.37M,97.98B,69.26B,,1.39
Booking,397.45K,78.98B,11.30B,32.58,1.13
BorgWarner,2.85M,8.80B,8.76B,19.3,1.75
Boston Properties,1.47M,13.38B,2.91B,13.09,1
Boston Scientific,9.34M,60.00B,10.16B,,0.95
Bristol-Myers Squibb,11.85M,138.37B,34.86B,,0.68
Broadcom,2.07M,144.60B,22.89B,64.34,0.95
Broadridge,585.54K,16.23B,4.53B,35.18,0.89
Brown Forman,768.75K,38.58B,3.36B,42.18,0.75
Cabot Oil&Gas,5.11M,7.33B,1.61B,23.53,0.19
Cadence Design,1.71M,31.78B,2.44B,31.38,1.09
Campbell Soup,1.96M,15.73B,7.56B,36.36,0.43
Capital One Financial,3.69M,31.51B,15.75B,,1.77
Capri Holdings,3.65M,2.45B,4.66B,,1.92
Cardinal Health,2.20M,14.80B,152.92B,,0.95
CarMax,1.32M,17.62B,18.18B,28.86,1.74
Carnival Corp,42.14M,14.08B,16.84B,,1.98
Caterpillar,3.21M,80.17B,46.53B,19.67,1.06
Cboe Global,807.17K,9.77B,3.06B,21.6,0.52
CBRE A,1.86M,15.20B,19.38B,15.58,1.7
Celanese,837.96K,12.50B,5.67B,19.72,1.37
Centene,3.64M,35.79B,91.58B,21.48,0.57
CenterPoint Energy,7.87M,11.07B,9.71B,,0.97
CenturyLink,11.71M,11.92B,21.60B,9.45,1.01
Cerner,1.85M,22.13B,5.61B,43.72,0.8
CF Industries,2.45M,7.16B,4.26B,19.15,1.1
CH Robinson,1.53M,13.38B,15.08B,28.9,0.65
Charles Schwab,10.31M,46.22B,11.05B,15.03,1.16
Charter Communications,934.37K,126.47B,46.65B,58.83,1.06
Chevron,8.65M,156.15B,114.79B,,1.22
Chipotle Mexican Grill,328.53K,38.20B,5.62B,152.3,1.27
Chubb,1.91M,57.00B,34.50B,26.15,0.66
Church&Dwight,1.47M,23.93B,4.59B,33.24,0.38
Cigna,1.82M,65.89B,154.56B,12.53,0.66
Cimarex Energy,1.53M,2.87B,1.96B,,2.4
Cincinnati Financial,1.17M,12.87B,6.47B,23.82,0.58
Cintas,507.65K,34.70B,8.90B,41.43,1.51
Cisco,22.22M,177.46B,49.30B,15.95,0.83
Citigroup,23.79M,107.86B,49.66B,8.83,1.74
Citizens Financial Group Inc,5.31M,11.25B,3.92B,10.47,1.8
Citrix Systems,1.55M,13.64B,2.97B,25.64,1.13
Clorox,1.49M,28.21B,6.72B,29.96,0.23
CME Group,1.83M,62.32B,5.12B,26.22,0.3
CMS Energy,1.80M,17.52B,6.65B,23.8,0.17
Coca-Cola,15.61M,201.76B,32.31B,30.29,0.55
Cognizant A,2.86M,36.31B,16.76B,22.64,1.22
Colgate-Palmolive,3.50M,67.82B,15.94B,26.09,0.57
Comcast,17.78M,205.79B,105.55B,18.06,0.97
Comerica,1.85M,5.55B,1.60B,9.59,1.82
ConAgra Foods,3.04M,18.62B,11.05B,22,0.83
Concho Resources,2.41M,10.09B,3.76B,,1.86
ConocoPhillips,6.73M,39.73B,24.25B,18.24,1.66
Consolidated Edison,1.98M,23.64B,12.35B,3.45,0.08
Constellation Brands A,1.14M,35.70B,8.21B,706.38,0.97
Cooper,366.36K,16.84B,2.54B,45.81,0.87
Copart,1.42M,24.42B,2.22B,36.07,1.13
Corning,5.66M,25.31B,10.70B,324.19,1.15
Corteva,4.63M,20.86B,14.04B,44.75,
Costco,2.28M,155.14B,160.88B,41.53,0.7
Coty Inc,14.32M,2.72B,9.01B,,1.07
Crown Castle,2.02M,47.73B,5.42B,85.49,0.45
CSX,3.52M,59.70B,10.97B,20.98,1.16
Cummins,1.09M,31.34B,20.21B,18.81,1.15
CVS Health Corp,7.14M,79.79B,263.80B,9.57,0.65
Danaher,2.25M,146.99B,17.52B,53.67,0.91
Darden Restaurants,2.72M,11.54B,7.81B,,1.34
DaVita,995.82K,11.18B,11.52B,13.9,1.2
Deere&Company,1.54M,68.41B,35.73B,25.77,0.97
Delta Air Lines,35.99M,19.52B,34.06B,,1.35
Dentsply,1.71M,9.80B,3.44B,,1
Devon Energy,8.40M,4.13B,5.55B,,3.26
Diamondback,2.44M,6.07B,3.40B,,2.2
Digital,1.79M,40.78B,3.41B,54.06,0.22
Discover,4.07M,16.38B,6.62B,16.71,1.88
Discovery A,4.28M,10.27B,10.78B,10.83,1.41
Discovery Communications C,2.50M,10.27B,10.78B,10.83,1.41
DISH Network,2.98M,18.16B,12.81B,15.3,1.75
Dollar General,2.07M,49.76B,31.28B,21.72,0.47
Dollar Tree,2.30M,22.23B,24.63B,25.09,0.58
Dominion Energy,4.35M,66.81B,16.83B,120.19,0.38
Dover,799.10K,16.14B,6.76B,24.14,1.4
Dow,4.54M,35.03B,39.09B,,
DR Horton,3.74M,26.60B,18.95B,13.28,1.72
DTE Energy,1.12M,22.95B,11.87B,18.6,0.63
Duke,2.20M,10.56B,892.64M,27.94,0.77
Duke Energy,3.55M,59.42B,24.41B,27.88,0.29
DuPont,4.70M,43.38B,20.68B,,
DXC Technology,3.77M,5.49B,19.19B,,2.43
Eastman Chemical,1.03M,10.45B,8.70B,18.2,1.61
Eaton,1.82M,41.98B,19.20B,27.83,1.15
eBay,10.38M,37.55B,10.71B,19.6,1.33
Ecolab,2.76M,58.36B,13.35B,44.82,0.95
Edison,2.73M,19.80B,12.49B,16.75,0.49
Edwards Lifesciences,2.77M,54.43B,4.32B,73.54,0.88
Electronic Arts,2.26M,26.36B,5.17B,22.5,1.14
Eli Lilly,3.21M,142.26B,22.95B,23.96,0.19
Emerson,2.90M,42.12B,17.20B,21.9,1.5
Entergy,1.16M,15.69B,11.12B,15.88,0.35
EOG Resources,4.21M,26.14B,14.30B,75.09,1.93
Equifax,818.70K,20.86B,3.72B,69.16,1.16
Equinix,416.29K,69.94B,5.73B,137.11,0.41
Equity Residential,2.72M,21.31B,2.70B,18.84,0.61
Essex Property,449.89K,17.77B,1.39B,47.46,0.49
Estee Lauder,1.29M,80.26B,14.29B,120.41,0.78
E-TRADE,2.16M,12.03B,3.06B,15.79,1.25
Everest,320.48K,8.72B,8.50B,17.75,0.45
Evergy,2.42M,12.07B,5.01B,19.27,0.4
Eversource Energy,1.47M,29.21B,8.54B,23.95,0.33
Exelon,5.87M,35.40B,33.34B,13.39,0.39
Expedia,3.49M,13.47B,9.08B,,1.67
Expeditors Washington,1.11M,15.04B,8.60B,25.51,0.83
Extra Space Storage,857.74K,13.81B,1.33B,32.23,0.25
Exxon Mobil,22.81M,166.12B,213.86B,26.19,1.28
F5 Networks,825.93K,8.02B,2.33B,24.62,0.97
Facebook,25.20M,841.65B,75.16B,37.69,1.27
Fastenal,3.73M,28.39B,5.53B,34.12,1.15
Federal Realty,691.80K,9.63B,904.02M,45.17,0.51
FedEx,3.02M,59.04B,69.22B,46.05,1.49
Fidelity National Info,3.55M,94.99B,12.20B,1659.59,0.73
Fifth Third,7.06M,14.85B,4.25B,10.75,1.72
First Republic Bank,811.70K,19.63B,2.20B,21.41,1.16
FirstEnergy,9.58M,15.67B,10.87B,28.31,0.27
Fiserv,4.70M,66.54B,14.41B,79.04,0.8
FleetCor,749.27K,21.14B,2.57B,29.07,1.42
FLIR Systems,1.59M,4.77B,1.89B,34.7,1.46
Flowserve,1.09M,3.92B,3.88B,26.92,1.81
FMC,671.59K,14.34B,4.62B,26.17,1.1
Foot Locker,3.04M,3.29B,7.41B,16.92,1.38
Ford Motor,75.43M,27.41B,130.40B,,1.34
Fortinet,1.49M,21.12B,2.35B,54.87,0.85
Fortive,2.45M,24.99B,7.15B,51.11,1.23
Fortune Brands,1.10M,11.91B,5.71B,27.71,1.8
Fox Corp A,4.62M,15.59B,12.30B,15.97,
Fox Corp B,1.27M,15.59B,12.30B,15.97,
Franklin Resources,3.46M,15.98B,7.93B,9.69,1.25
Freeport-McMoran,20.55M,23.22B,12.92B,,2.35
Gap,15.67M,6.84B,14.05B,,1.61
Garmin,933.48K,19.89B,3.76B,21.3,0.93
Gartner,463.62K,11.85B,4.20B,49.08,1.46
General Dynamics,1.29M,44.19B,38.55B,13.34,0.99
General Electric,86.39M,77.41B,120.73B,,0.77
General Mills,3.67M,39.04B,17.63B,17.75,0.57
General Motors,14.29M,44.09B,115.79B,28.36,1.5
Genuine Parts,728.10K,14.01B,17.64B,,1.12
Gilead,8.96M,82.53B,22.17B,,0.56
Global Payments,2.02M,17.51B,3.54B,38.35,1.18
Globe Life,524.63K,8.85B,4.62B,12.35,1.09
Goldman Sachs,3.36M,71.92B,54.72B,15.63,1.41
H&R Block,3.33M,5.27B,3.18B,9.79,0.22
Halliburton,16.80M,14.28B,18.97B,,2.64
Hanesbrands,7.55M,5.56B,6.67B,10.78,1.71
Harley-Davidson,3.78M,4.37B,4.51B,57.23,1.53
Hartford,2.42M,16.53B,31.32B,10.37,0.72
Hasbro,954.37K,11.22B,4.97B,27.98,0.93
HCA,2.21M,47.50B,46.68B,15.17,0.79
Healthpeak Properties,3.99M,15.07B,2.24B,45.05,0.67
Helmerich Payne,2.03M,1.79B,2.21B,,2.02
Henry Schein,1.49M,9.30B,9.29B,16.35,0.97
Hershey,1.12M,22.03B,7.74B,22.43,0.15
Hess,2.24M,14.32B,5.45B,,2.18
Hewlett Packard,11.56M,12.55B,26.99B,153.54,1.3
Hilton Worldwide,3.17M,25.20B,7.25B,715.7,1.32
HollyFrontier,2.49M,3.83B,14.27B,,1.63
Hologic,2.47M,15.34B,3.30B,31.76,1.42
Home Depot,3.75M,306.52B,119.32B,26.19,1.09
Honeywell,3.51M,119.65B,34.52B,21.7,1.04
Hormel Foods,1.69M,27.62B,9.69B,29.75,-0.04
Host Hotels Resorts,11.76M,13.28B,5.51B,15.01,1.27
HP Inc,13.14M,28.21B,56.79B,10.87,0.96
Humana,726.83K,56.00B,70.55B,15.78,0.89
Huntington Bancshares,10.39M,9.60B,2.63B,12.14,1.51
Huntington Ingalls Industries,350.40K,6.12B,8.92B,11.69,0.94
IBM,4.75M,112.97B,75.50B,13.75,1.18
ICE,2.96M,58.08B,5.59B,27.59,0.61
IDEXX Labs,460.41K,33.89B,2.47B,75.3,0.82
IFF,830.91K,13.39B,5.10B,33.54,1
IHS Markit Ltd,1.86M,32.91B,4.34B,41.11,0.98
Illinois Tool Works,1.10M,63.78B,12.74B,29.56,1.17
Illumina,856.57K,50.78B,3.35B,74.46,0.84
Incyte,1.29M,20.33B,2.39B,,1.06
Ingersoll Rand,3.39M,15.04B,3.27B,,1.48
Intel,31.67M,216.01B,78.96B,9.34,0.74
International Paper,2.70M,19.17B,39.10B,12.33,1.57
Intuit,1.21M,90.89B,7.68B,50.19,0.97
Intuitive Surgical,599.69K,86.78B,4.36B,78.07,0.94
Invesco,6.48M,4.73B,6.48B,10.03,1.4
IPG,4.13M,7.07B,9.73B,15.39,1
IPG Photonics,328.78K,8.56B,1.18B,67.68,1.58
Iqvia,1.07M,31.97B,10.94B,247.91,1.32
Iron Mountain,3.18M,8.70B,4.19B,42.63,0.76
J&J,6.48M,403.32B,80.50B,27.18,0.69
Jack Henry&Associates,551.01K,12.60B,1.70B,42.63,0.51
Jacobs Engineering,802.90K,11.96B,16.80B,35.28,0.91
JB Hunt,816.79K,11.50B,8.61B,24.43,1.07
Jefferies Financial,2.02M,4.80B,5.23B,14.09,1.44
JM Smucker,932.23K,13.60B,7.99B,15.62,0.23
Johnson Controls,5.32M,31.00B,22.64B,40.52,1.11
JPMorgan,19.75M,309.61B,68.21B,13.49,1.13
Juniper,3.14M,8.23B,4.43B,24,0.94
Kansas City Southern,1.06M,17.45B,2.76B,31.55,0.95
Kellogg,2.05M,24.08B,13.47B,21.8,0.62
KeyCorp,11.18M,12.29B,3.61B,11.25,1.49
Keysight Technologies,1.71M,18.70B,4.12B,31.4,1.06
Kimberly-Clark,1.51M,53.28B,18.84B,20.74,0.5
Kimco,5.66M,5.20B,1.11B,5.41,1.18
Kinder Morgan,12.81M,39.84B,14.14B,26.42,0.83
KLA-Tencor,1.18M,32.33B,5.81B,27.03,1.3
Kohls Corp,9.85M,3.38B,18.32B,42.29,1.68
Kraft Heinz,5.97M,41.74B,25.42B,,1.02
Kroger,9.10M,27.85B,126.58B,13.48,0.33
L Brands,6.99M,8.73B,11.36B,,1.7
L3Harris Technologies,1.63M,38.87B,18.33B,29.86,0.68
Laboratory America,825.90K,17.18B,11.47B,47.45,1.31
Lam Research,1.72M,49.59B,10.04B,22.52,1.25
Lamb Weston Holdings,1.25M,9.06B,3.79B,25.99,0.77
Leggett&Platt,1.25M,5.69B,4.27B,25.47,1.59
Lennar,3.13M,24.31B,22.62B,11.73,1.63
Lincoln National,1.92M,6.98B,16.93B,34.29,2.17
Linde PLC,933.54K,105.02B,,,
LKQ,2.62M,9.68B,11.78B,17.52,1.72
Lockheed Martin,1.35M,109.97B,62.92B,16.95,0.95
Loews,1.07M,10.26B,13.09B,,0.74
Lowe’s,4.14M,127.45B,80.39B,22.26,1.5
LyondellBasell Industries,2.06M,23.08B,29.94B,11.26,1.54
M&T Bank,843.63K,13.41B,3.17B,9.64,1.17
Macerich,6.16M,1.13B,878.51M,21.63,1.88
Macy’s Inc,35.27M,2.24B,22.80B,,1.55
Marathon Oil,28.05M,4.11B,4.04B,,3.23
Marathon Petroleum,8.11M,22.92B,101.69B,,2.1
MarketAxesss,204.85K,18.62B,615.14M,71.01,0.51
Marriott Int,4.11M,33.43B,16.80B,74.28,1.68
Marsh McLennan,1.72M,59.38B,17.07B,29.19,0.82
Martin Marietta Materials,572.52K,13.02B,4.75B,20.87,0.89
Masco,2.35M,15.45B,6.21B,26.58,1.51
Mastercard,3.79M,359.50B,16.23B,49.57,1.1
Maxim,3.52M,18.49B,2.19B,28.77,1.35
McCormick&Co,534.06K,27.87B,5.43B,37.15,0.39
McDonald’s,3.24M,160.97B,19.26B,33.72,0.7
McKesson,1.13M,25.00B,231.00B,27.42,0.76
Medtronic,5.37M,145.34B,28.91B,30.74,0.67
Merck&Co,8.69M,216.73B,47.19B,20.46,0.44
MetLife,5.78M,35.25B,68.36B,5,1.29
Mettler-Toledo,112.78K,23.39B,2.94B,43.78,1.04
MGM,24.48M,11.52B,9.04B,5.99,2.39
Microchip,2.73M,28.36B,5.26B,44.97,1.62
Micron,20.05M,50.84B,20.25B,22.88,1.32
Microsoft,34.26M,"1,719.90B",143.02B,39.43,0.9
Mid-America Apartment,602.87K,13.43B,1.66B,41.94,0.64
Mohawk Industries,1.27M,9.43B,9.90B,10.37,1.5
Molson Coors Brewing B,2.21M,8.22B,9.93B,,0.97
Mondelez,5.91M,83.13B,25.89B,24.6,0.63
Monster Beverage,1.99M,44.74B,4.31B,40.05,1.04
Moodys,650.93K,56.66B,5.20B,32.41,1.13
Morgan Stanley,10.95M,83.80B,52.35B,9.5,1.42
Mosaic,4.37M,7.05B,8.67B,,1.87
Motorola,1.46M,26.49B,7.64B,32.05,0.76
MSCI,498.27K,31.90B,1.63B,61.56,0.84
Mylan,5.39M,8.01B,11.50B,29.61,1.46
Nasdaq Inc,691.04K,22.15B,4.91B,28.18,0.79
National Oilwell Varco,5.20M,11.42B,8.02B,,1.27
Nektar,942.98K,3.43B,162.50M,,1.76
NetApp,3.08M,10.36B,5.48B,13.49,1.29
Netflix,7.25M,245.45B,22.63B,98.6,0.93
Newell Brands,3.46M,6.67B,9.42B,,1.04
Newmont Goldcorp,8.45M,53.42B,10.63B,13.65,0.34
News Corp,453.21K,8.92B,9.01B,,1.55
News Corp A,2.11M,8.92B,9.01B,,1.55
NextEra Energy,1.82M,138.48B,18.98B,37.8,0.2
Nielsen,3.35M,5.52B,6.36B,,1.23
Nike,6.36M,179.81B,37.40B,72.71,0.88
NiSource,2.90M,8.36B,4.90B,,0.26
Noble Energy,12.81M,4.77B,3.88B,,2.63
Nordstrom,9.85M,2.46B,14.20B,,1.46
Norfolk Southern,1.37M,54.76B,10.24B,26.82,1.39
Northern Trust,1.21M,17.08B,6.47B,12.79,1.05
Northrop Grumman,887.88K,57.35B,34.70B,23.93,0.79
NortonLifeLock Inc,6.02M,14.08B,3.10B,22.06,0.83
Norwegian Cruise Line,50.22M,4.65B,4.66B,,2.79
NRG,2.34M,8.52B,9.45B,2.02,0.89
Nucor,2.04M,14.26B,20.55B,27.87,1.44
NVIDIA,10.61M,341.10B,13.07B,101.36,1.56
O’Reilly Automotive,551.16K,35.05B,10.72B,23.19,1.1
Occidental,30.96M,11.65B,21.68B,,1.86
Omnicom,2.43M,11.60B,13.97B,12.36,0.68
ONEOK,6.26M,12.26B,8.72B,18.23,1.98
Oracle,12.77M,178.41B,39.07B,18.65,0.82
PACCAR,1.66M,30.13B,20.71B,18.36,1.08
Packaging America,756.67K,9.99B,6.72B,19.25,1.19
Parker-Hannifin,1.06M,27.42B,14.22B,22.81,1.67
Paychex,1.86M,27.36B,4.04B,25.07,0.94
PayPal Holdings Inc,7.25M,245.28B,19.22B,95.89,1.11
Pentair,1.19M,7.11B,3.49B,14.99,1.28
People’s United,4.26M,4.49B,1.17B,9.19,1.2
PepsiCo,4.36M,192.73B,67.65B,28.35,0.59
PerkinElmer,925.66K,13.45B,2.98B,45.11,1.35
Perrigo,829.41K,7.05B,5.07B,29.35,1.13
Pfizer,30.06M,206.49B,49.20B,15.01,0.66
Philip Morris,4.53M,123.90B,29.16B,16.94,0.8
Phillips 66,3.24M,26.01B,87.45B,,1.52
Pinnacle West,1.00M,8.23B,3.45B,16.96,0.3
Pioneer Natural,1.86M,16.76B,8.20B,40.49,1.81
PNC Financial,2.70M,47.59B,9.43B,19.85,1.24
PPG Industries,1.47M,25.06B,15.37B,19.2,1.24
PPL,5.43M,21.60B,7.68B,11.92,0.8
Principal Financial,1.55M,11.77B,16.19B,9.43,1.56
Procter&Gamble,6.75M,347.10B,70.95B,27.87,0.42
Progressive,2.53M,55.37B,40.54B,12.6,0.55
Prologis,3.09M,42.52B,2.80B,24.03,1.03
Prudential Financial,2.92M,27.20B,60.12B,,1.7
Public Service Enterprise,2.28M,26.17B,9.61B,14.87,0.58
Public Storage,853.01K,37.10B,2.87B,30.44,0.18
PulteGroup,3.27M,12.33B,10.62B,10.84,1.42
PVH,1.53M,4.24B,8.90B,,2.14
Qorvo Inc,1.29M,15.23B,3.25B,39.73,1.49
Qualcomm,9.70M,137.66B,20.00B,51.58,1.38
Quanta Services,1.24M,7.28B,11.74B,21.07,1.21
Quest Diagnostics,1.42M,14.85B,7.53B,19.93,1.24
Ralph Lauren A,1.14M,5.19B,5.22B,3273.55,1.23
Raymond James Financial,782.61K,10.51B,8.13B,12.21,1.33
Raytheon Technologies,9.55M,94.76B,64.47B,148.78,1.34
Realty Income,2.43M,21.58B,1.60B,42.84,0.64
Regency Centers,1.17M,6.68B,1.09B,72.86,0.86
Regeneron Pharma,837.31K,63.06B,8.00B,22.95,0.46
Regions Financial,9.84M,11.21B,3.20B,17.49,1.65
Republic Services,1.11M,30.10B,10.23B,28.22,0.63
ResMed,670.69K,13.12B,2.45B,28.67,0.62
Robert Half,1.10M,6.25B,5.70B,16.74,1.56
Rockwell Automation,697.82K,27.32B,6.49B,35.48,1.48
Rollins,1.05M,18.48B,2.10B,85.86,0.48
Roper Technologies,482.30K,45.97B,5.41B,28.54,1.04
Ross Stores,3.08M,32.48B,14.09B,35.37,0.75
Royal Caribbean Cruises,15.26M,14.60B,7.91B,,2.72
S&P Global,948.01K,90.57B,7.15B,34.73,0.99
Salesforce.com,7.53M,246.11B,19.38B,721.01,1.25
SBA Communications,679.96K,34.59B,2.05B,,0.39
Schlumberger,13.14M,25.97B,29.58B,,2.12
Seagate,3.31M,12.08B,10.51B,12.42,1.02
Sealed Air,1.16M,6.27B,4.84B,16.05,1.23
Sempra Energy,1.74M,35.78B,11.20B,17.66,0.71
Sherwin-Williams,469.79K,62.60B,17.73B,36.55,1.17
Simon Property,7.57M,20.42B,5.32B,11.8,1.37
Skyworks,1.86M,24.95B,3.23B,31.79,1.28
SL Green,1.53M,3.44B,1.19B,16.69,1.56
Snap-On,455.18K,8.33B,3.77B,14.6,1.37
Southern,4.19M,55.82B,20.55B,16.99,0.41
Southwest Airlines,17.18M,22.60B,16.61B,111.19,1.34
Stanley Black Decker,1.19M,26.85B,13.62B,31.26,1.56
Starbucks,9.22M,100.59B,24.06B,77.72,0.83
State Street,2.17M,24.61B,6.32B,10.98,1.52
Stryker,1.38M,74.98B,14.07B,47.04,0.83
SVB,323.79K,13.26B,1.76B,14.91,2.21
Synchrony Financial,6.74M,14.55B,8.43B,7.63,1.7
Synopsys,855.27K,34.07B,3.51B,63.95,1.13
Sysco,3.58M,30.85B,52.89B,152.02,1.21
T Rowe,1.08M,31.59B,5.77B,16.51,1.14
Take-Two,1.59M,19.72B,3.38B,44.19,0.54
Tapestry,5.70M,4.11B,4.96B,,1.41
Target,4.48M,74.70B,80.10B,21.79,0.88
TE Connectivity,1.72M,32.73B,12.21B,,1.39
TechnipFMC,5.98M,3.44B,13.35B,,2.19
Teleflex,204.44K,18.76B,2.53B,39.23,0.98
Texas Instruments,4.59M,132.78B,13.69B,27.18,1.15
Textron,1.47M,9.18B,12.54B,24.12,1.69
The AES,6.00M,11.91B,9.61B,63.03,0.98
Thermo Fisher Scientific,1.32M,171.46B,26.25B,46.58,1.01
Tiffany&Co,1.82M,15.00B,3.68B,61.01,0.88
TJX,7.80M,66.62B,36.85B,97.91,0.76
T-Mobile US,7.07M,144.70B,51.72B,41.68,0.31
Tractor Supply,1.27M,17.32B,9.31B,25.52,1.02
Transdigm,502.35K,27.39B,5.31B,49.89,1.5
Travelers,1.61M,29.58B,31.41B,16.37,0.85
TripAdvisor,3.31M,3.11B,1.10B,,1.37
Truist Financial Corp,5.47M,30.00B,,13.63,1.18
Twitter Inc,19.97M,24.09B,2.87B,17.34,0.32
Tyson Foods,2.68M,23.01B,42.61B,12.5,0.63
Ulta Beauty,1.27M,13.12B,6.39B,47.64,1.52
Under Armour A,7.58M,4.68B,4.51B,,1.19
Under Armour C,6.47M,4.20B,4.51B,,1.24
Union Pacific,3.06M,133.07B,20.20B,24.33,1.05
United Airlines Holdings,56.06M,10.48B,31.72B,,1.52
United Dominion,1.74M,10.29B,1.23B,55.36,0.55
United Parcel Service,4.41M,140.58B,77.38B,32.31,1.01
United Rentals,1.08M,13.01B,9.01B,12.31,2.35
UnitedHealth,3.12M,301.58B,247.81B,17.59,0.69
Universal Health Services,708.53K,9.50B,11.28B,13.04,1.07
Unum,2.84M,3.80B,11.91B,3.95,1.69
US Bancorp,7.57M,56.14B,12.93B,11.53,1.12
Valero Energy,4.25M,21.67B,87.63B,20.26,1.85
Varian,1.23M,15.87B,3.20B,61.03,1.17
Ventas,3.30M,15.77B,3.93B,38.28,1.12
VeriSign,648.80K,24.78B,1.25B,32.01,0.86
Verisk,766.14K,30.48B,2.70B,60.3,0.68
Verizon,14.13M,258.64B,129.73B,12.79,0.42
Vertex,1.45M,71.76B,5.40B,34.82,0.79
VF,2.55M,26.16B,9.29B,199.3,1.21
ViacomCBS,11.60M,17.22B,32.78B,7.09,1.85
Visa A,8.02M,509.51B,22.88B,40.57,0.9
Vornado,2.13M,6.75B,1.71B,20.73,1.33
Vulcan Materials,1.10M,16.26B,4.98B,25.8,0.81
Walgreens Boots,6.41M,31.85B,138.74B,45.08,0.43
Walmart,9.86M,415.96B,534.66B,28.07,0.28
Walt Disney,12.44M,242.62B,69.75B,,1.09
Waste Management,1.83M,48.45B,15.10B,30.08,0.73
Waters,616.28K,13.33B,2.28B,26.38,0.94
WEC Energy,1.37M,22.44B,7.66B,20.86,0.11
Wells Fargo&Co,45.94M,100.82B,40.89B,27.48,1.09
Welltower,2.90M,24.45B,4.98B,78.62,0.87
Western Digital,5.94M,11.30B,16.74B,,1.5
Western Union,5.64M,9.80B,4.92B,16.29,0.88
Westinghouse Air Brake,1.29M,13.15B,8.04B,31.1,1.53
WestRock Co,2.46M,8.34B,17.76B,10.7,1.48
Weyerhaeuser,5.41M,22.69B,6.58B,74.89,1.98
Whirlpool,719.77K,11.15B,18.84B,12.64,2.08
Williams,8.62M,25.86B,7.80B,178.72,1.77
Willis Towers Watson,725.46K,20.64B,8.22B,33.42,0.75
WW Grainger,324.70K,19.80B,11.63B,31.85,1.03
Wynn Resorts,5.40M,9.31B,4.34B,,2.3
Xcel Energy,2.56M,36.01B,11.21B,25.66,0.29
Xerox,3.93M,3.97B,12.39B,10.71,1.7
Xilinx,2.62M,25.73B,3.04B,41.22,0.97
Xylem,1.11M,14.84B,4.95B,58.75,1.09
Yum! Brands,1.84M,29.37B,5.49B,28.87,0.93
Zimmer Biomet,1.32M,21.55B,7.94B,45.02,1.19
Zions,1.93M,5.28B,1.47B,12.84,1.62
Zoetis Inc,1.53M,77.55B,6.34B,47.93,0.72
